video_name,label,video_prob,high_low_prob,example_file_name
../deep_fakes_explain/dataset/validation_set/Face2Face/081_087,1.0,0.9993543,0.99993837,216_0.png
../deep_fakes_explain/dataset/validation_set/Face2Face/041_063,1.0,0.9785679,0.9998685,226_0.png
../deep_fakes_explain/dataset/validation_set/Face2Face/082_103,1.0,0.99880105,0.9999316,202_0.png
../deep_fakes_explain/dataset/validation_set/Face2Face/050_059,1.0,0.9996274,0.9999225,643_0.png
../deep_fakes_explain/dataset/validation_set/Face2Face/037_072,1.0,0.9838988,0.9999373,276_0.png
../deep_fakes_explain/dataset/validation_set/Face2Face/061_080,1.0,0.9255873,0.9999198,220_0.png
../deep_fakes_explain/dataset/validation_set/Face2Face/012_026,1.0,0.8670556,0.9997371,1_0.png
../deep_fakes_explain/dataset/validation_set/Face2Face/000_003,1.0,0.9623454,0.99992347,222_0.png
../deep_fakes_explain/dataset/validation_set/Face2Face/098_092,1.0,0.9645497,0.9998919,81_0.png
../deep_fakes_explain/dataset/validation_set/Face2Face/090_086,1.0,0.9772458,0.999933,688_0.png
../deep_fakes_explain/dataset/validation_set/Face2Face/048_029,1.0,0.909907,0.6639859,383_0.png
../deep_fakes_explain/dataset/validation_set/Face2Face/070_057,1.0,0.90663224,0.67551965,226_0.png
../deep_fakes_explain/dataset/validation_set/Face2Face/056_996,1.0,0.99986553,0.99996185,226_0.png
../deep_fakes_explain/dataset/validation_set/Face2Face/065_089,1.0,0.9185457,0.9993106,351_0.png
../deep_fakes_explain/dataset/validation_set/Face2Face/023_923,1.0,0.99589556,0.42728955,220_0.png
../deep_fakes_explain/dataset/validation_set/Face2Face/005_010,1.0,0.9925329,0.006407785,1_0.png
../deep_fakes_explain/dataset/validation_set/Face2Face/036_035,1.0,0.99947065,0.99995065,249_0.png
../deep_fakes_explain/dataset/validation_set/Face2Face/001_870,1.0,0.96458685,0.99994004,220_0.png
../deep_fakes_explain/dataset/validation_set/Face2Face/024_073,1.0,0.39732262,0.0006280147,603_0.png
../deep_fakes_explain/dataset/validation_set/Face2Face/027_009,1.0,0.9897515,0.999923,582_0.png
../deep_fakes_explain/dataset/validation_set/Face2Face/040_997,1.0,0.9998502,0.99995434,1_0.png
../deep_fakes_explain/dataset/validation_set/Face2Face/097_033,1.0,0.9551423,0.9998647,620_0.png
../deep_fakes_explain/dataset/validation_set/Face2Face/019_018,1.0,0.99992466,0.9999577,182_0.png
../deep_fakes_explain/dataset/validation_set/Face2Face/075_977,1.0,0.9580013,0.9999063,641_0.png
../deep_fakes_explain/dataset/validation_set/Face2Face/051_332,1.0,0.9986202,0.9999442,305_0.png
../deep_fakes_explain/dataset/validation_set/Face2Face/096_101,1.0,0.9994446,0.9999447,620_0.png
../deep_fakes_explain/dataset/validation_set/Face2Face/049_946,1.0,0.9476474,0.99992645,220_0.png
../deep_fakes_explain/dataset/validation_set/Face2Face/034_590,1.0,0.9996547,0.9999559,144_0.png
../deep_fakes_explain/dataset/validation_set/Face2Face/026_012,1.0,0.8377428,0.8800669,81_0.png
../deep_fakes_explain/dataset/validation_set/Face2Face/044_945,1.0,0.745279,0.9999286,81_0.png
../deep_fakes_explain/dataset/validation_set/Face2Face/062_066,1.0,0.79223937,0.9997038,276_0.png
../deep_fakes_explain/dataset/validation_set/Face2Face/094_111,1.0,0.99995136,0.73587495,182_0.png
../deep_fakes_explain/dataset/validation_set/Face2Face/087_081,1.0,0.99978065,0.9999491,305_0.png
../deep_fakes_explain/dataset/validation_set/Face2Face/064_991,1.0,0.97923034,0.9999517,202_0.png
../deep_fakes_explain/dataset/validation_set/Face2Face/067_025,1.0,0.9307484,0.9999294,667_0.png
../deep_fakes_explain/dataset/validation_set/Face2Face/085_124,1.0,0.9565018,0.9999294,220_0.png
../deep_fakes_explain/dataset/validation_set/Face2Face/055_147,1.0,0.9998345,0.9999577,81_0.png
../deep_fakes_explain/dataset/validation_set/Face2Face/042_084,1.0,0.8931527,0.9999585,123_0.png
../deep_fakes_explain/dataset/validation_set/Face2Face/006_002,1.0,0.9607054,0.9998627,232_0.png
../deep_fakes_explain/dataset/validation_set/Face2Face/011_805,1.0,0.9998499,0.97060835,232_0.png
../deep_fakes_explain/dataset/validation_set/Face2Face/080_061,1.0,0.99948466,0.99994504,220_0.png
../deep_fakes_explain/dataset/validation_set/Face2Face/095_053,1.0,0.9571021,0.9999449,222_0.png
../deep_fakes_explain/dataset/validation_set/Face2Face/068_028,1.0,0.99881285,0.9999567,104_0.png
../deep_fakes_explain/dataset/validation_set/Face2Face/025_067,1.0,0.9999549,0.9999645,305_0.png
../deep_fakes_explain/dataset/validation_set/Face2Face/039_058,1.0,0.9993393,0.99995434,1_0.png
../deep_fakes_explain/dataset/validation_set/Face2Face/029_048,1.0,0.99988043,0.9999552,144_0.png
../deep_fakes_explain/dataset/validation_set/Face2Face/058_039,1.0,0.6618835,0.9985274,211_0.png
../deep_fakes_explain/dataset/validation_set/Face2Face/072_037,1.0,0.99994135,0.9999608,232_0.png
../deep_fakes_explain/dataset/validation_set/Face2Face/003_000,1.0,0.98691386,0.9999585,123_0.png
../deep_fakes_explain/dataset/validation_set/Face2Face/009_027,1.0,0.9995243,0.9999378,123_0.png
../deep_fakes_explain/dataset/validation_set/Face2Face/091_116,1.0,0.9263687,0.443654,305_0.png
../deep_fakes_explain/dataset/validation_set/Face2Face/071_054,1.0,0.9229421,0.99842525,216_0.png
../deep_fakes_explain/dataset/validation_set/Face2Face/054_071,1.0,0.8988191,0.99991596,144_0.png
../deep_fakes_explain/dataset/validation_set/Face2Face/063_041,1.0,0.9855728,0.99993086,251_0.png
../deep_fakes_explain/dataset/validation_set/Face2Face/043_110,1.0,0.99658346,0.99994266,305_0.png
../deep_fakes_explain/dataset/validation_set/Face2Face/073_024,1.0,0.7073568,0.9968912,296_0.png
../deep_fakes_explain/dataset/validation_set/Face2Face/092_098,1.0,0.9132754,0.9997074,251_0.png
../deep_fakes_explain/dataset/validation_set/Face2Face/053_095,1.0,0.95272654,0.9999354,232_0.png
../deep_fakes_explain/dataset/validation_set/Face2Face/078_955,1.0,0.6326073,0.99972624,211_0.png
../deep_fakes_explain/dataset/validation_set/Face2Face/045_889,1.0,0.9978971,0.99993753,110_0.png
../deep_fakes_explain/dataset/validation_set/Face2Face/010_005,1.0,0.9844553,0.9938273,313_1.png
../deep_fakes_explain/dataset/validation_set/Face2Face/038_125,1.0,0.9837858,0.9999347,182_0.png
../deep_fakes_explain/dataset/validation_set/Face2Face/047_862,1.0,0.98652285,0.9999256,383_0.png
../deep_fakes_explain/dataset/validation_set/Face2Face/057_070,1.0,0.9968749,0.9999571,296_0.png
../deep_fakes_explain/dataset/validation_set/Face2Face/013_883,1.0,0.94762415,0.9999434,211_0.png
../deep_fakes_explain/dataset/validation_set/Face2Face/084_042,1.0,0.9537098,0.9999478,211_0.png
../deep_fakes_explain/dataset/validation_set/Face2Face/069_961,1.0,0.9533931,0.9999589,249_0.png
../deep_fakes_explain/dataset/validation_set/Face2Face/052_108,1.0,0.9889684,0.9998665,226_0.png
../deep_fakes_explain/dataset/validation_set/Face2Face/004_982,1.0,0.940309,0.9999083,220_0.png
../deep_fakes_explain/dataset/validation_set/Face2Face/022_489,1.0,0.99994355,0.16492836,276_0.png
../deep_fakes_explain/dataset/validation_set/Face2Face/031_163,1.0,0.9930687,0.05967842,220_0.png
../deep_fakes_explain/dataset/validation_set/Face2Face/014_790,1.0,0.9978879,0.77111256,276_0.png
../deep_fakes_explain/dataset/validation_set/Face2Face/083_213,1.0,0.95257866,0.6739122,1_0.png
../deep_fakes_explain/dataset/validation_set/Face2Face/002_006,1.0,0.6107345,0.99982196,1_0.png
../deep_fakes_explain/dataset/validation_set/Face2Face/093_121,1.0,0.9959386,0.99994946,104_0.png
../deep_fakes_explain/dataset/validation_set/Face2Face/028_068,1.0,0.9999571,0.9999685,232_0.png
../deep_fakes_explain/dataset/validation_set/Face2Face/035_036,1.0,0.8200731,0.99929035,123_0.png
../deep_fakes_explain/dataset/validation_set/Face2Face/077_100,1.0,0.9571096,0.99994695,351_0.png
../deep_fakes_explain/dataset/validation_set/Face2Face/032_944,1.0,0.999952,0.9999682,251_0.png
../deep_fakes_explain/dataset/validation_set/Face2Face/089_065,1.0,0.9998328,0.99995697,220_0.png
../deep_fakes_explain/dataset/validation_set/Face2Face/015_919,1.0,0.97387993,0.9999285,144_0.png
../deep_fakes_explain/dataset/validation_set/Face2Face/033_097,1.0,0.56243753,0.08828699,305_0.png
../deep_fakes_explain/dataset/validation_set/Face2Face/007_132,1.0,0.61656225,0.99854493,144_0.png
../deep_fakes_explain/dataset/validation_set/Face2Face/008_990,1.0,0.71367234,0.99984443,249_0.png
../deep_fakes_explain/dataset/validation_set/Face2Face/016_209,1.0,0.3383803,0.0062941923,128_1.png
../deep_fakes_explain/dataset/validation_set/Face2Face/088_060,1.0,0.99993736,0.999961,182_0.png
../deep_fakes_explain/dataset/validation_set/Face2Face/086_090,1.0,0.9973912,0.9999443,81_0.png
../deep_fakes_explain/dataset/validation_set/Face2Face/021_312,1.0,0.997966,0.9999267,226_0.png
../deep_fakes_explain/dataset/validation_set/Face2Face/018_019,1.0,0.9987734,0.999954,296_0.png
../deep_fakes_explain/dataset/validation_set/Face2Face/059_050,1.0,0.9339062,0.99986315,211_0.png
../deep_fakes_explain/dataset/validation_set/Face2Face/030_193,1.0,0.9914908,0.9999573,1_0.png
../deep_fakes_explain/dataset/validation_set/Face2Face/066_062,1.0,0.96665937,0.9999548,220_0.png
../deep_fakes_explain/dataset/validation_set/Face2Face/060_088,1.0,0.96369356,0.95529467,617_0.png
../deep_fakes_explain/dataset/validation_set/Face2Face/046_904,1.0,0.99995464,0.9999651,211_0.png
../deep_fakes_explain/dataset/validation_set/Face2Face/017_803,1.0,0.9923334,0.99993336,59_0.png
../deep_fakes_explain/dataset/validation_set/Original/007,0.0,0.019099837,0.0007881882,144_0.png
../deep_fakes_explain/dataset/validation_set/Original/040,0.0,0.14705108,0.0012253801,211_0.png
../deep_fakes_explain/dataset/validation_set/Original/028,0.0,0.185574,0.0010462767,123_0.png
../deep_fakes_explain/dataset/validation_set/Face2Face/074_825,1.0,0.97397864,0.16826889,220_0.png
../deep_fakes_explain/dataset/validation_set/Face2Face/076_079,1.0,0.99995416,0.99997044,226_0.png
../deep_fakes_explain/dataset/validation_set/Original/001,0.0,0.022960376,0.00025944033,351_0.png
../deep_fakes_explain/dataset/validation_set/Original/054,0.0,0.007896773,0.00034712433,296_0.png
../deep_fakes_explain/dataset/validation_set/Face2Face/079_076,1.0,0.99361354,0.99995303,305_0.png
../deep_fakes_explain/dataset/validation_set/Original/049,0.0,0.00958485,0.0003448864,251_0.png
../deep_fakes_explain/dataset/validation_set/Face2Face/020_344,1.0,0.9683021,0.6952674,617_0.png
../deep_fakes_explain/dataset/validation_set/Original/058,0.0,0.08808818,0.0021179626,351_0.png
../deep_fakes_explain/dataset/validation_set/Original/064,0.0,0.7133512,0.9995623,232_0.png
../deep_fakes_explain/dataset/validation_set/Original/024,0.0,0.075362645,0.00060971914,211_0.png
../deep_fakes_explain/dataset/validation_set/Original/051,0.0,0.00055479753,0.00029249367,296_0.png
../deep_fakes_explain/dataset/validation_set/Original/059,0.0,0.045393225,0.00040419164,232_0.png
../deep_fakes_explain/dataset/validation_set/Original/065,0.0,0.14039497,0.0008060557,123_0.png
../deep_fakes_explain/dataset/validation_set/Original/032,0.0,0.3419103,0.0076987715,222_0.png
../deep_fakes_explain/dataset/validation_set/Original/004,0.0,0.20794038,0.0009891909,182_0.png
../deep_fakes_explain/dataset/validation_set/Original/017,0.0,0.17780475,0.0007817579,351_0.png
../deep_fakes_explain/dataset/validation_set/Original/097,0.0,0.27873847,0.009365472,232_0.png
../deep_fakes_explain/dataset/validation_set/Original/055,0.0,0.4262916,0.0048973216,211_0.png
../deep_fakes_explain/dataset/validation_set/Original/078,0.0,0.048326626,0.0010874697,216_0.png
../deep_fakes_explain/dataset/validation_set/Original/083,0.0,0.73791677,0.9039909,426_1.png
../deep_fakes_explain/dataset/validation_set/Original/067,0.0,0.08112078,0.001752552,417_0.png
../deep_fakes_explain/dataset/validation_set/Original/012,0.0,0.13121295,0.000598288,276_0.png
../deep_fakes_explain/dataset/validation_set/Face2Face/099_295,1.0,0.9568769,0.9999285,351_0.png
../deep_fakes_explain/dataset/validation_set/Original/009,0.0,0.718277,0.9998516,1_0.png
../deep_fakes_explain/dataset/validation_set/Original/096,0.0,0.026038436,0.0003648388,249_0.png
../deep_fakes_explain/dataset/validation_set/Original/084,0.0,0.13298994,0.0010836126,81_0.png
../deep_fakes_explain/dataset/validation_set/Original/092,0.0,0.0626341,0.00041590809,202_0.png
../deep_fakes_explain/dataset/validation_set/Original/091,0.0,0.16075934,0.030915344,144_0.png
../deep_fakes_explain/dataset/validation_set/Original/046,0.0,0.038286112,0.0005906091,220_0.png
../deep_fakes_explain/dataset/validation_set/Original/087,0.0,0.07644729,0.00046623856,232_0.png
../deep_fakes_explain/dataset/validation_set/Original/034,0.0,0.0520717,0.00039743716,383_0.png
../deep_fakes_explain/dataset/validation_set/Original/029,0.0,0.26350927,0.012760827,144_0.png
../deep_fakes_explain/dataset/validation_set/Original/057,0.0,0.007726637,0.00031345533,123_0.png
../deep_fakes_explain/dataset/validation_set/Original/061,0.0,0.0658887,0.00070842874,232_0.png
../deep_fakes_explain/dataset/validation_set/Original/003,0.0,0.0064405273,0.0004076487,110_0.png
../deep_fakes_explain/dataset/validation_set/Original/002,0.0,0.0066675185,0.00038684814,603_0.png
../deep_fakes_explain/dataset/validation_set/Original/086,0.0,0.36419308,0.041170016,667_0.png
../deep_fakes_explain/dataset/validation_set/Original/021,0.0,0.30078745,0.011267794,305_0.png
../deep_fakes_explain/dataset/validation_set/Original/038,0.0,0.05089863,0.0014802099,222_0.png
../deep_fakes_explain/dataset/validation_set/Original/015,0.0,0.08380942,0.004673872,296_0.png
../deep_fakes_explain/dataset/validation_set/Original/047,0.0,0.47321573,0.015360911,144_0.png
../deep_fakes_explain/dataset/validation_set/Original/073,0.0,0.14701243,0.00028651382,603_0.png
../deep_fakes_explain/dataset/validation_set/Original/085,0.0,0.015574703,0.00019339214,211_0.png
../deep_fakes_explain/dataset/validation_set/Original/081,0.0,0.04286192,0.00051653024,232_0.png
../deep_fakes_explain/dataset/validation_set/Original/008,0.0,0.012466999,0.00033319776,182_0.png
../deep_fakes_explain/dataset/validation_set/Original/025,0.0,0.5110241,0.0058552963,81_0.png
../deep_fakes_explain/dataset/validation_set/Original/022,0.0,0.30402783,0.005144331,249_0.png
../deep_fakes_explain/dataset/validation_set/Original/094,0.0,0.41570425,0.10956628,162_1.png
../deep_fakes_explain/dataset/validation_set/Original/005,0.0,0.032066744,0.0016819175,305_1.png
../deep_fakes_explain/dataset/validation_set/Original/053,0.0,0.081394464,0.00030341017,211_0.png
../deep_fakes_explain/dataset/validation_set/Original/014,0.0,0.23352577,0.21293849,620_0.png
../deep_fakes_explain/dataset/validation_set/Original/068,0.0,0.27261528,0.0026739545,123_0.png
../deep_fakes_explain/dataset/validation_set/Original/013,0.0,0.011166614,0.0005450935,123_0.png
../deep_fakes_explain/dataset/validation_set/Original/018,0.0,0.2568315,0.0008767645,202_0.png
../deep_fakes_explain/dataset/validation_set/Original/027,0.0,0.66694665,0.66694665,143_1.png
../deep_fakes_explain/dataset/validation_set/Original/066,0.0,0.032823216,0.0015409103,305_0.png
../deep_fakes_explain/dataset/validation_set/Original/060,0.0,0.23908357,0.03749671,1_0.png
../deep_fakes_explain/dataset/validation_set/Original/072,0.0,0.31113556,0.010056663,251_0.png
../deep_fakes_explain/dataset/validation_set/Original/050,0.0,0.3901606,0.0632311,211_0.png
../deep_fakes_explain/dataset/validation_set/Original/019,0.0,0.42165923,0.034127377,220_0.png
../deep_fakes_explain/dataset/validation_set/Original/062,0.0,0.17610374,0.000440764,305_0.png
../deep_fakes_explain/dataset/validation_set/Original/088,0.0,0.025390005,0.0005013456,351_0.png
../deep_fakes_explain/dataset/validation_set/Original/076,0.0,0.15731053,0.000777189,81_0.png
../deep_fakes_explain/dataset/validation_set/Original/098,0.0,0.024264248,0.0010942505,216_0.png
../deep_fakes_explain/dataset/validation_set/Original/041,0.0,0.074100666,0.0005968545,110_0.png
../deep_fakes_explain/dataset/validation_set/Original/023,0.0,0.20741005,0.31245244,220_0.png
../deep_fakes_explain/dataset/validation_set/Original/037,0.0,0.026885135,0.00034899914,182_0.png
../deep_fakes_explain/dataset/validation_set/Original/035,0.0,0.28481936,0.0022529801,182_0.png
../deep_fakes_explain/dataset/validation_set/Original/063,0.0,0.16128919,0.0008019851,276_0.png
../deep_fakes_explain/dataset/validation_set/Original/075,0.0,0.0037737724,0.00022003727,276_0.png
../deep_fakes_explain/dataset/validation_set/Original/033,0.0,0.03947296,0.012914691,603_0.png
../deep_fakes_explain/dataset/validation_set/Original/077,0.0,0.40542197,0.0038475338,202_0.png
../deep_fakes_explain/dataset/validation_set/Original/016,0.0,0.11497501,0.0067070387,658_1.png
../deep_fakes_explain/dataset/validation_set/Original/082,0.0,0.0011867476,0.00029767226,251_0.png
../deep_fakes_explain/dataset/validation_set/Original/042,0.0,0.018161891,0.00016859183,104_0.png
../deep_fakes_explain/dataset/validation_set/Original/036,0.0,0.33824733,0.018248927,249_0.png
../deep_fakes_explain/dataset/validation_set/Original/011,0.0,0.9034193,0.99649733,447_1.png
../deep_fakes_explain/dataset/validation_set/Original/079,0.0,0.3315651,0.003137986,305_0.png
../deep_fakes_explain/dataset/validation_set/Original/089,0.0,0.4474884,0.0074283937,296_0.png
../deep_fakes_explain/dataset/validation_set/Original/080,0.0,0.32498786,0.0070975744,351_0.png
../deep_fakes_explain/dataset/validation_set/Original/056,0.0,0.48727208,0.0068734577,296_0.png
../deep_fakes_explain/dataset/validation_set/Original/048,0.0,0.082124576,0.0020456014,104_0.png
../deep_fakes_explain/dataset/validation_set/Original/095,0.0,0.37147158,0.31249788,681_1.png
../deep_fakes_explain/dataset/validation_set/Original/010,0.0,0.2605654,0.0004641971,417_0.png
../deep_fakes_explain/dataset/validation_set/Original/000,0.0,0.022572933,0.0005651052,351_0.png
../deep_fakes_explain/dataset/validation_set/Original/074,0.0,0.110990286,0.0074868826,216_0.png
../deep_fakes_explain/dataset/validation_set/Original/006,0.0,0.09833457,0.0009872802,110_0.png
../deep_fakes_explain/dataset/validation_set/Original/026,0.0,0.27066436,0.097405404,123_0.png
../deep_fakes_explain/dataset/validation_set/Original/039,0.0,0.22989762,0.00060701167,351_0.png
../deep_fakes_explain/dataset/validation_set/Original/093,0.0,0.20884037,0.0005126162,59_0.png
../deep_fakes_explain/dataset/validation_set/Original/070,0.0,0.15479012,0.06447731,220_0.png
../deep_fakes_explain/dataset/validation_set/Original/044,0.0,0.23673336,0.0047577643,216_0.png
../deep_fakes_explain/dataset/validation_set/Original/052,0.0,0.0016064163,0.0002879839,220_0.png
../deep_fakes_explain/dataset/validation_set/Original/090,0.0,0.023865988,0.00050994504,232_0.png
../deep_fakes_explain/dataset/validation_set/Original/031,0.0,0.13467361,0.06395149,53_1.png
../deep_fakes_explain/dataset/validation_set/Original/020,0.0,0.21335758,0.113004334,351_0.png
../deep_fakes_explain/dataset/validation_set/Original/071,0.0,0.3493236,0.08828545,104_0.png
../deep_fakes_explain/dataset/validation_set/Original/043,0.0,0.7589952,0.9970618,211_0.png
../deep_fakes_explain/dataset/validation_set/Original/099,0.0,0.23495859,0.45832977,220_0.png
../deep_fakes_explain/dataset/validation_set/Original/045,0.0,0.12082268,0.0041052303,59_0.png
../deep_fakes_explain/dataset/validation_set/Original/069,0.0,0.16267096,0.0014619352,744_0.png
../deep_fakes_explain/dataset/validation_set/Original/030,0.0,0.07430573,0.0006902066,1_0.png
