video_name,label,video_prob,high_low_prob,example_file_name
../deep_fakes_explain/dataset/validation_set/FaceSwap/082_103,1.0,0.9418835,0.99993503,104_0.png
../deep_fakes_explain/dataset/validation_set/FaceSwap/266_252,1.0,0.9406115,0.9999515,144_0.png
../deep_fakes_explain/dataset/validation_set/FaceSwap/041_063,1.0,0.982821,0.9999609,1_0.png
../deep_fakes_explain/dataset/validation_set/FaceSwap/000_003,1.0,0.9998625,0.99995685,220_0.png
../deep_fakes_explain/dataset/validation_set/FaceSwap/037_072,1.0,0.9912635,0.9999285,296_0.png
../deep_fakes_explain/dataset/validation_set/FaceSwap/081_087,1.0,0.999924,0.9999609,59_0.png
../deep_fakes_explain/dataset/validation_set/FaceSwap/050_059,1.0,0.99995595,0.9999647,276_0.png
../deep_fakes_explain/dataset/validation_set/FaceSwap/012_026,1.0,0.9998897,0.99995625,202_0.png
../deep_fakes_explain/dataset/validation_set/FaceSwap/098_092,1.0,0.99904484,0.9999583,276_0.png
../deep_fakes_explain/dataset/validation_set/FaceSwap/090_086,1.0,0.93464357,0.9999306,1_0.png
../deep_fakes_explain/dataset/validation_set/FaceSwap/070_057,1.0,0.99993753,0.5407529,81_0.png
../deep_fakes_explain/dataset/validation_set/FaceSwap/048_029,1.0,0.74930084,0.85438687,211_0.png
../deep_fakes_explain/dataset/validation_set/FaceSwap/056_996,1.0,0.9999363,0.99996126,202_0.png
../deep_fakes_explain/dataset/validation_set/FaceSwap/061_080,1.0,0.9231125,0.9999094,276_0.png
../deep_fakes_explain/dataset/validation_set/FaceSwap/036_035,1.0,0.8520589,0.99994993,249_0.png
../deep_fakes_explain/dataset/validation_set/FaceSwap/023_923,1.0,0.9999566,0.99996305,220_0.png
../deep_fakes_explain/dataset/validation_set/FaceSwap/065_089,1.0,0.9967473,0.9999099,407_0.png
../deep_fakes_explain/dataset/validation_set/FaceSwap/001_870,1.0,0.99994344,0.9999676,276_0.png
../deep_fakes_explain/dataset/validation_set/FaceSwap/005_010,1.0,0.99994105,0.00095430063,220_0.png
../deep_fakes_explain/dataset/validation_set/FaceSwap/040_997,1.0,0.9999434,0.99996006,123_0.png
../deep_fakes_explain/dataset/validation_set/FaceSwap/027_009,1.0,0.65796787,0.9998301,123_0.png
../deep_fakes_explain/dataset/validation_set/FaceSwap/024_073,1.0,0.95591587,0.99994123,202_0.png
../deep_fakes_explain/dataset/validation_set/FaceSwap/051_332,1.0,0.96873325,0.9999565,603_0.png
../deep_fakes_explain/dataset/validation_set/FaceSwap/097_033,1.0,0.99841434,0.99995685,417_0.png
../deep_fakes_explain/dataset/validation_set/FaceSwap/096_101,1.0,0.9999208,0.99996066,305_0.png
../deep_fakes_explain/dataset/validation_set/FaceSwap/019_018,1.0,0.9996466,0.99994326,123_0.png
../deep_fakes_explain/dataset/validation_set/FaceSwap/034_590,1.0,0.9569311,0.9999478,182_0.png
../deep_fakes_explain/dataset/validation_set/FaceSwap/044_945,1.0,0.99968636,0.9999368,81_0.png
../deep_fakes_explain/dataset/validation_set/FaceSwap/049_946,1.0,0.9984186,0.9999442,1_0.png
../deep_fakes_explain/dataset/validation_set/FaceSwap/075_977,1.0,0.99890226,0.9999331,144_0.png
../deep_fakes_explain/dataset/validation_set/FaceSwap/062_066,1.0,0.9998503,0.9999602,202_0.png
../deep_fakes_explain/dataset/validation_set/FaceSwap/087_081,1.0,0.9999178,0.9999614,202_0.png
../deep_fakes_explain/dataset/validation_set/FaceSwap/026_012,1.0,0.97489804,0.86869174,104_0.png
../deep_fakes_explain/dataset/validation_set/FaceSwap/094_111,1.0,0.9674694,0.69114316,81_0.png
../deep_fakes_explain/dataset/validation_set/FaceSwap/067_025,1.0,0.9976903,0.9999231,417_0.png
../deep_fakes_explain/dataset/validation_set/FaceSwap/042_084,1.0,0.99932146,0.99995995,276_0.png
../deep_fakes_explain/dataset/validation_set/FaceSwap/055_147,1.0,0.99995834,0.99996877,226_0.png
../deep_fakes_explain/dataset/validation_set/FaceSwap/011_805,1.0,0.9999626,0.97715896,211_0.png
../deep_fakes_explain/dataset/validation_set/FaceSwap/085_124,1.0,0.9509066,0.9999517,296_0.png
../deep_fakes_explain/dataset/validation_set/FaceSwap/064_991,1.0,0.9509431,0.9999418,123_0.png
../deep_fakes_explain/dataset/validation_set/FaceSwap/080_061,1.0,0.99994296,0.99996305,251_0.png
../deep_fakes_explain/dataset/validation_set/FaceSwap/006_002,1.0,0.9808426,0.9999342,232_0.png
../deep_fakes_explain/dataset/validation_set/FaceSwap/095_053,1.0,0.999957,0.9999664,211_0.png
../deep_fakes_explain/dataset/validation_set/FaceSwap/068_028,1.0,0.99970573,0.99996114,276_0.png
../deep_fakes_explain/dataset/validation_set/FaceSwap/039_058,1.0,0.99993604,0.9999585,81_0.png
../deep_fakes_explain/dataset/validation_set/FaceSwap/029_048,1.0,0.99970645,0.99995375,104_0.png
../deep_fakes_explain/dataset/validation_set/FaceSwap/009_027,1.0,0.95157367,0.9999503,182_0.png
../deep_fakes_explain/dataset/validation_set/FaceSwap/058_039,1.0,0.99986553,0.9999629,305_0.png
../deep_fakes_explain/dataset/validation_set/FaceSwap/072_037,1.0,0.9912861,0.99995446,110_0.png
../deep_fakes_explain/dataset/validation_set/FaceSwap/003_000,1.0,0.9993774,0.99995553,144_0.png
../deep_fakes_explain/dataset/validation_set/FaceSwap/071_054,1.0,0.999947,0.8599656,296_0.png
../deep_fakes_explain/dataset/validation_set/FaceSwap/091_116,1.0,0.94328326,0.44965494,296_0.png
../deep_fakes_explain/dataset/validation_set/FaceSwap/063_041,1.0,0.9996832,0.99995863,1_0.png
../deep_fakes_explain/dataset/validation_set/FaceSwap/073_024,1.0,0.44854924,0.0067922315,276_0.png
../deep_fakes_explain/dataset/validation_set/FaceSwap/092_098,1.0,0.9995142,0.9999558,249_0.png
../deep_fakes_explain/dataset/validation_set/FaceSwap/054_071,1.0,0.91258186,0.9999138,59_0.png
../deep_fakes_explain/dataset/validation_set/FaceSwap/078_955,1.0,0.9758827,0.9999417,407_0.png
../deep_fakes_explain/dataset/validation_set/FaceSwap/043_110,1.0,0.9989359,0.9999496,202_0.png
../deep_fakes_explain/dataset/validation_set/FaceSwap/053_095,1.0,0.96805805,0.9998516,407_0.png
../deep_fakes_explain/dataset/validation_set/FaceSwap/045_889,1.0,0.96801805,0.99986994,110_0.png
../deep_fakes_explain/dataset/validation_set/FaceSwap/047_862,1.0,0.99978906,0.9999703,123_0.png
../deep_fakes_explain/dataset/validation_set/FaceSwap/010_005,1.0,0.94998753,0.999949,313_1.png
../deep_fakes_explain/dataset/validation_set/FaceSwap/038_125,1.0,0.98373073,0.9999466,104_0.png
../deep_fakes_explain/dataset/validation_set/FaceSwap/057_070,1.0,0.9998399,0.9999628,226_0.png
../deep_fakes_explain/dataset/validation_set/FaceSwap/084_042,1.0,0.9938577,0.9999343,226_0.png
../deep_fakes_explain/dataset/validation_set/FaceSwap/013_883,1.0,0.9999389,0.9999596,123_0.png
../deep_fakes_explain/dataset/validation_set/FaceSwap/004_982,1.0,0.999787,0.9999523,123_0.png
../deep_fakes_explain/dataset/validation_set/FaceSwap/052_108,1.0,0.77603644,0.99989104,182_0.png
../deep_fakes_explain/dataset/validation_set/FaceSwap/022_489,1.0,0.99923927,0.9999598,110_0.png
../deep_fakes_explain/dataset/validation_set/FaceSwap/083_213,1.0,0.6689138,0.8569324,370_1.png
../deep_fakes_explain/dataset/validation_set/FaceSwap/069_961,1.0,0.9479929,0.99994886,305_0.png
../deep_fakes_explain/dataset/validation_set/FaceSwap/093_121,1.0,0.99989647,0.9999454,276_0.png
../deep_fakes_explain/dataset/validation_set/FaceSwap/031_163,1.0,0.9931989,0.024410425,220_0.png
../deep_fakes_explain/dataset/validation_set/FaceSwap/028_068,1.0,0.93529004,0.99995327,220_0.png
../deep_fakes_explain/dataset/validation_set/FaceSwap/002_006,1.0,0.7706998,0.9997603,202_0.png
../deep_fakes_explain/dataset/validation_set/FaceSwap/014_790,1.0,0.99616414,0.7824512,582_0.png
../deep_fakes_explain/dataset/validation_set/FaceSwap/032_944,1.0,0.96768695,0.99994123,251_0.png
../deep_fakes_explain/dataset/validation_set/FaceSwap/035_036,1.0,0.9101693,0.99993503,81_0.png
../deep_fakes_explain/dataset/validation_set/FaceSwap/033_097,1.0,0.6247998,0.120685615,232_0.png
../deep_fakes_explain/dataset/validation_set/FaceSwap/077_100,1.0,0.9998288,0.999943,123_0.png
../deep_fakes_explain/dataset/validation_set/FaceSwap/089_065,1.0,0.9624959,0.9999428,182_0.png
../deep_fakes_explain/dataset/validation_set/FaceSwap/007_132,1.0,0.8536186,0.999918,202_0.png
../deep_fakes_explain/dataset/validation_set/FaceSwap/015_919,1.0,0.98942024,0.999956,232_0.png
../deep_fakes_explain/dataset/validation_set/FaceSwap/008_990,1.0,0.9887442,0.9999535,226_0.png
../deep_fakes_explain/dataset/validation_set/FaceSwap/016_209,1.0,0.5521463,0.9997633,202_0.png
../deep_fakes_explain/dataset/validation_set/FaceSwap/088_060,1.0,0.9999428,0.99995947,633_0.png
../deep_fakes_explain/dataset/validation_set/FaceSwap/018_019,1.0,0.99313813,0.9999583,276_0.png
../deep_fakes_explain/dataset/validation_set/FaceSwap/059_050,1.0,0.999949,0.99996316,226_0.png
../deep_fakes_explain/dataset/validation_set/FaceSwap/021_312,1.0,0.99985135,0.99996185,351_0.png
../deep_fakes_explain/dataset/validation_set/FaceSwap/086_090,1.0,0.99995375,0.9999634,276_0.png
../deep_fakes_explain/dataset/validation_set/FaceSwap/030_193,1.0,0.8051947,0.9999162,226_0.png
../deep_fakes_explain/dataset/validation_set/FaceSwap/060_088,1.0,0.9997079,0.76683587,216_0.png
../deep_fakes_explain/dataset/validation_set/FaceSwap/046_904,1.0,0.98961717,0.99991703,182_0.png
../deep_fakes_explain/dataset/validation_set/FaceSwap/066_062,1.0,0.99956846,0.6163779,220_0.png
../deep_fakes_explain/dataset/validation_set/FaceSwap/017_803,1.0,0.9998361,0.99995315,104_0.png
../deep_fakes_explain/dataset/validation_set/Original/007,0.0,0.019099837,0.0007881882,144_0.png
../deep_fakes_explain/dataset/validation_set/Original/028,0.0,0.185574,0.0010462767,123_0.png
../deep_fakes_explain/dataset/validation_set/FaceSwap/076_079,1.0,0.9695094,0.9999472,110_0.png
../deep_fakes_explain/dataset/validation_set/Original/040,0.0,0.14705108,0.0012253801,211_0.png
../deep_fakes_explain/dataset/validation_set/FaceSwap/074_825,1.0,0.65885776,0.11788329,220_0.png
../deep_fakes_explain/dataset/validation_set/Original/054,0.0,0.007896773,0.00034712433,296_0.png
../deep_fakes_explain/dataset/validation_set/Original/001,0.0,0.022960376,0.00025944033,351_0.png
../deep_fakes_explain/dataset/validation_set/Original/049,0.0,0.00958485,0.0003448864,251_0.png
../deep_fakes_explain/dataset/validation_set/FaceSwap/020_344,1.0,0.90189,0.5985923,1_0.png
../deep_fakes_explain/dataset/validation_set/FaceSwap/079_076,1.0,0.9773766,0.99994564,104_0.png
../deep_fakes_explain/dataset/validation_set/Original/058,0.0,0.08808818,0.0021179626,351_0.png
../deep_fakes_explain/dataset/validation_set/Original/024,0.0,0.075362645,0.00060971914,211_0.png
../deep_fakes_explain/dataset/validation_set/Original/064,0.0,0.7133512,0.9995623,232_0.png
../deep_fakes_explain/dataset/validation_set/Original/051,0.0,0.00055479753,0.00029249367,296_0.png
../deep_fakes_explain/dataset/validation_set/FaceSwap/099_295,1.0,0.9324791,0.9999316,211_0.png
../deep_fakes_explain/dataset/validation_set/Original/032,0.0,0.3419103,0.0076987715,222_0.png
../deep_fakes_explain/dataset/validation_set/Original/065,0.0,0.14039497,0.0008060557,123_0.png
../deep_fakes_explain/dataset/validation_set/Original/059,0.0,0.045393225,0.00040419164,232_0.png
../deep_fakes_explain/dataset/validation_set/Original/017,0.0,0.17780475,0.0007817579,351_0.png
../deep_fakes_explain/dataset/validation_set/Original/097,0.0,0.27873847,0.009365472,232_0.png
../deep_fakes_explain/dataset/validation_set/Original/055,0.0,0.4262916,0.0048973216,211_0.png
../deep_fakes_explain/dataset/validation_set/Original/004,0.0,0.20794038,0.0009891909,182_0.png
../deep_fakes_explain/dataset/validation_set/Original/078,0.0,0.048326626,0.0010874697,216_0.png
../deep_fakes_explain/dataset/validation_set/Original/083,0.0,0.73791677,0.9039909,426_1.png
../deep_fakes_explain/dataset/validation_set/Original/012,0.0,0.13121295,0.000598288,276_0.png
../deep_fakes_explain/dataset/validation_set/Original/067,0.0,0.08112078,0.001752552,417_0.png
../deep_fakes_explain/dataset/validation_set/Original/009,0.0,0.718277,0.9998516,1_0.png
../deep_fakes_explain/dataset/validation_set/Original/096,0.0,0.026038436,0.0003648388,249_0.png
../deep_fakes_explain/dataset/validation_set/Original/092,0.0,0.0626341,0.00041590809,202_0.png
../deep_fakes_explain/dataset/validation_set/Original/084,0.0,0.13298994,0.0010836126,81_0.png
../deep_fakes_explain/dataset/validation_set/Original/061,0.0,0.0658887,0.00070842874,232_0.png
../deep_fakes_explain/dataset/validation_set/Original/029,0.0,0.26350927,0.012760827,144_0.png
../deep_fakes_explain/dataset/validation_set/Original/046,0.0,0.038286112,0.0005906091,220_0.png
../deep_fakes_explain/dataset/validation_set/Original/087,0.0,0.07644729,0.00046623856,232_0.png
../deep_fakes_explain/dataset/validation_set/Original/002,0.0,0.0066675185,0.00038684814,603_0.png
../deep_fakes_explain/dataset/validation_set/Original/057,0.0,0.007726637,0.00031345533,123_0.png
../deep_fakes_explain/dataset/validation_set/Original/034,0.0,0.0520717,0.00039743716,383_0.png
../deep_fakes_explain/dataset/validation_set/Original/091,0.0,0.16075934,0.030915344,144_0.png
../deep_fakes_explain/dataset/validation_set/Original/003,0.0,0.0064405273,0.0004076487,110_0.png
../deep_fakes_explain/dataset/validation_set/Original/086,0.0,0.36419308,0.041170016,667_0.png
../deep_fakes_explain/dataset/validation_set/Original/073,0.0,0.14701243,0.00028651382,603_0.png
../deep_fakes_explain/dataset/validation_set/Original/015,0.0,0.08380942,0.004673872,296_0.png
../deep_fakes_explain/dataset/validation_set/Original/021,0.0,0.30078745,0.011267794,305_0.png
../deep_fakes_explain/dataset/validation_set/Original/047,0.0,0.47321573,0.015360911,144_0.png
../deep_fakes_explain/dataset/validation_set/Original/038,0.0,0.05089863,0.0014802099,222_0.png
../deep_fakes_explain/dataset/validation_set/Original/094,0.0,0.41570425,0.10956628,162_1.png
../deep_fakes_explain/dataset/validation_set/Original/081,0.0,0.04286192,0.00051653024,232_0.png
../deep_fakes_explain/dataset/validation_set/Original/085,0.0,0.015574703,0.00019339214,211_0.png
../deep_fakes_explain/dataset/validation_set/Original/025,0.0,0.5110241,0.0058552963,81_0.png
../deep_fakes_explain/dataset/validation_set/Original/008,0.0,0.012466999,0.00033319776,182_0.png
../deep_fakes_explain/dataset/validation_set/Original/022,0.0,0.30402783,0.005144331,249_0.png
../deep_fakes_explain/dataset/validation_set/Original/068,0.0,0.27261528,0.0026739545,123_0.png
../deep_fakes_explain/dataset/validation_set/Original/005,0.0,0.032066744,0.0016819175,305_1.png
../deep_fakes_explain/dataset/validation_set/Original/014,0.0,0.23352577,0.21293849,620_0.png
../deep_fakes_explain/dataset/validation_set/Original/053,0.0,0.081394464,0.00030341017,211_0.png
../deep_fakes_explain/dataset/validation_set/Original/066,0.0,0.032823216,0.0015409103,305_0.png
../deep_fakes_explain/dataset/validation_set/Original/027,0.0,0.66694665,0.66694665,143_1.png
../deep_fakes_explain/dataset/validation_set/Original/018,0.0,0.2568315,0.0008767645,202_0.png
../deep_fakes_explain/dataset/validation_set/Original/088,0.0,0.025390005,0.0005013456,351_0.png
../deep_fakes_explain/dataset/validation_set/Original/072,0.0,0.31113556,0.010056663,251_0.png
../deep_fakes_explain/dataset/validation_set/Original/013,0.0,0.011166614,0.0005450935,123_0.png
../deep_fakes_explain/dataset/validation_set/Original/076,0.0,0.15731053,0.000777189,81_0.png
../deep_fakes_explain/dataset/validation_set/Original/050,0.0,0.3901606,0.0632311,211_0.png
../deep_fakes_explain/dataset/validation_set/Original/060,0.0,0.23908357,0.03749671,1_0.png
../deep_fakes_explain/dataset/validation_set/Original/062,0.0,0.17610374,0.000440764,305_0.png
../deep_fakes_explain/dataset/validation_set/Original/019,0.0,0.42165923,0.034127377,220_0.png
../deep_fakes_explain/dataset/validation_set/Original/098,0.0,0.024264248,0.0010942505,216_0.png
../deep_fakes_explain/dataset/validation_set/Original/041,0.0,0.074100666,0.0005968545,110_0.png
../deep_fakes_explain/dataset/validation_set/Original/075,0.0,0.0037737724,0.00022003727,276_0.png
../deep_fakes_explain/dataset/validation_set/Original/037,0.0,0.026885135,0.00034899914,182_0.png
../deep_fakes_explain/dataset/validation_set/Original/023,0.0,0.20741005,0.31245244,220_0.png
../deep_fakes_explain/dataset/validation_set/Original/035,0.0,0.28481936,0.0022529801,182_0.png
../deep_fakes_explain/dataset/validation_set/Original/063,0.0,0.16128919,0.0008019851,276_0.png
../deep_fakes_explain/dataset/validation_set/Original/077,0.0,0.40542197,0.0038475338,202_0.png
../deep_fakes_explain/dataset/validation_set/Original/033,0.0,0.03947296,0.012914691,603_0.png
../deep_fakes_explain/dataset/validation_set/Original/016,0.0,0.11497501,0.0067070387,658_1.png
../deep_fakes_explain/dataset/validation_set/Original/082,0.0,0.0011867476,0.00029767226,251_0.png
../deep_fakes_explain/dataset/validation_set/Original/079,0.0,0.3315651,0.003137986,305_0.png
../deep_fakes_explain/dataset/validation_set/Original/036,0.0,0.33824733,0.018248927,249_0.png
../deep_fakes_explain/dataset/validation_set/Original/011,0.0,0.9034193,0.99649733,447_1.png
../deep_fakes_explain/dataset/validation_set/Original/042,0.0,0.018161891,0.00016859183,104_0.png
../deep_fakes_explain/dataset/validation_set/Original/056,0.0,0.48727208,0.0068734577,296_0.png
../deep_fakes_explain/dataset/validation_set/Original/089,0.0,0.4474884,0.0074283937,296_0.png
../deep_fakes_explain/dataset/validation_set/Original/080,0.0,0.32498786,0.0070975744,351_0.png
../deep_fakes_explain/dataset/validation_set/Original/048,0.0,0.082124576,0.0020456014,104_0.png
../deep_fakes_explain/dataset/validation_set/Original/010,0.0,0.2605654,0.0004641971,417_0.png
../deep_fakes_explain/dataset/validation_set/Original/095,0.0,0.37147158,0.31249788,681_1.png
../deep_fakes_explain/dataset/validation_set/Original/000,0.0,0.022572933,0.0005651052,351_0.png
../deep_fakes_explain/dataset/validation_set/Original/074,0.0,0.110990286,0.0074868826,216_0.png
../deep_fakes_explain/dataset/validation_set/Original/006,0.0,0.09833457,0.0009872802,110_0.png
../deep_fakes_explain/dataset/validation_set/Original/026,0.0,0.27066436,0.097405404,123_0.png
../deep_fakes_explain/dataset/validation_set/Original/093,0.0,0.20884037,0.0005126162,59_0.png
../deep_fakes_explain/dataset/validation_set/Original/039,0.0,0.22989762,0.00060701167,351_0.png
../deep_fakes_explain/dataset/validation_set/Original/031,0.0,0.13467361,0.06395149,53_1.png
../deep_fakes_explain/dataset/validation_set/Original/044,0.0,0.23673336,0.0047577643,216_0.png
../deep_fakes_explain/dataset/validation_set/Original/090,0.0,0.023865988,0.00050994504,232_0.png
../deep_fakes_explain/dataset/validation_set/Original/070,0.0,0.15479012,0.06447731,220_0.png
../deep_fakes_explain/dataset/validation_set/Original/071,0.0,0.3493236,0.08828545,104_0.png
../deep_fakes_explain/dataset/validation_set/Original/052,0.0,0.0016064163,0.0002879839,220_0.png
../deep_fakes_explain/dataset/validation_set/Original/020,0.0,0.21335758,0.113004334,351_0.png
../deep_fakes_explain/dataset/validation_set/Original/043,0.0,0.7589952,0.9970618,211_0.png
../deep_fakes_explain/dataset/validation_set/Original/045,0.0,0.12082268,0.0041052303,59_0.png
../deep_fakes_explain/dataset/validation_set/Original/069,0.0,0.16267096,0.0014619352,744_0.png
../deep_fakes_explain/dataset/validation_set/Original/099,0.0,0.23495859,0.45832977,220_0.png
../deep_fakes_explain/dataset/validation_set/Original/030,0.0,0.07430573,0.0006902066,1_0.png
